{"min": [-0.455902, -0.801925, -0.540979], "max": [0.444886, 0.67794, 0.579644]}